old_emd_cd,new_emd_cd,old_name,new_name
28110101,28125108,중앙동1가,중앙동1가
28110102,28125109,중앙동2가,중앙동2가
28110103,28125110,중앙동3가,중앙동3가
28110104,28125111,중앙동4가,중앙동4가
28110105,28125112,해안동1가,해안동1가
28110106,28125113,해안동2가,해안동2가
28110107,28125114,해안동3가,해안동3가
28110108,28125115,해안동4가,해안동4가
28110109,28125116,관동1가,관동1가
28110110,28125117,관동2가,관동2가
28110111,28125118,관동3가,관동3가
28110112,28125119,항동1가,항동1가
28110113,28125120,항동2가,항동2가
28110114,28125121,항동3가,항동3가
28110115,28125122,항동4가,항동4가
28110116,28125123,항동5가,항동5가
28110117,28125124,항동6가,항동6가
28110118,28125125,항동7가,항동7가
28110119,28125126,송학동1가,송학동1가
28110120,28125127,송학동2가,송학동2가
28110121,28125128,송학동3가,송학동3가
28110122,28125129,사동,사동
28110123,28125130,신생동,신생동
28110124,28125131,신포동,신포동
28110125,28125132,답동,답동
28110126,28125133,신흥동1가,신흥동1가
28110127,28125134,신흥동2가,신흥동2가
28110128,28125135,신흥동3가,신흥동3가
28110129,28125136,선화동,선화동
28110130,28125137,유동,유동
28110131,28125138,율목동,율목동
28110132,28125139,도원동,도원동
28110133,28125140,내동,내동
28110134,28125141,경동,경동
28110135,28125142,용동,용동
28110136,28125143,인현동,인현동
28110137,28125144,전동,전동
28110138,28125145,북성동1가,북성동1가
28110139,28125146,북성동2가,북성동2가
28110140,28125147,북성동3가,북성동3가
28110141,28125148,선린동,선린동
28110142,28125149,송월동1가,송월동1가
28110143,28125150,송월동2가,송월동2가
28110144,28125151,송월동3가,송월동3가
28110145,28155101,중산동,중산동
28110146,28155102,운남동,운남동
28110147,28155103,운서동,운서동
28110148,28155104,운북동,운북동
28110149,28155105,을왕동,을왕동
28110150,28155106,남북동,남북동
28110151,28155107,덕교동,덕교동
28110152,28155108,무의동,무의동
28140101,28125101,만석동,만석동
28140102,28125102,화수동,화수동
28140103,28125103,송현동,송현동
28140104,28125104,화평동,화평동
28140105,28125105,창영동,창영동
28140106,28125106,금곡동,금곡동
28140107,28125107,송림동,송림동
28260101,28290101,백석동,백석동
28260102,28290102,시천동,시천동
28260103,28275101,검암동,검암동
28260104,28275102,경서동,경서동
28260105,28275103,공촌동,공촌동
28260106,28275104,연희동,연희동
28260107,28275105,심곡동,심곡동
28260108,28275106,가정동,가정동
28260109,28275107,신현동,신현동
28260110,28275108,석남동,석남동
28260111,28275109,원창동,원창동
28260112,28275110,가좌동,가좌동
28260113,28290103,마전동,마전동
28260114,28290104,당하동,당하동
28260115,28290105,원당동,원당동
28260117,28290106,대곡동,대곡동
28260118,28290107,금곡동,금곡동
28260119,28290108,오류동,오류동
28260120,28290109,왕길동,왕길동
28260121,28290110,불로동,불로동
28260122,28275111,청라동,청라동
29110101,12210101,대인동,대인동
29110102,12210102,금남로5가,금남로5가
29110103,12210103,충장로5가,충장로5가
29110104,12210104,수기동,수기동
29110105,12210105,대의동,대의동
29110106,12210106,궁동,궁동
29110107,12210107,장동,장동
29110108,12210108,동명동,동명동
29110109,12210109,계림동,계림동
29110110,12210110,산수동,산수동
29110111,12210111,지산동,지산동
29110112,12210112,남동,남동
29110113,12210113,광산동,광산동
29110114,12210114,금동,금동
29110115,12210115,호남동,호남동
29110116,12210116,불로동,불로동
29110117,12210117,황금동,황금동
29110118,12210118,서석동,서석동
29110119,12210119,소태동,소태동
29110120,12210120,용연동,용연동
29110121,12210121,운림동,운림동
29110122,12210122,학동,학동
29110123,12210123,월남동,월남동
29110124,12210124,선교동,선교동
29110125,12210125,내남동,내남동
29110126,12210126,용산동,용산동
29110127,12210127,충장로1가,충장로1가
29110128,12210128,충장로2가,충장로2가
29110129,12210129,충장로3가,충장로3가
29110130,12210130,충장로4가,충장로4가
29110131,12210131,금남로1가,금남로1가
29110132,12210132,금남로2가,금남로2가
29110133,12210133,금남로3가,금남로3가
29110134,12210134,금남로4가,금남로4가
29140104,12240104,양동,양동
29140106,12240106,농성동,농성동
29140115,12240115,광천동,광천동
29140116,12240116,유촌동,유촌동
29140117,12240117,덕흥동,덕흥동
29140118,12240118,쌍촌동,쌍촌동
29140119,12240119,화정동,화정동
29140120,12240120,치평동,치평동
29140121,12240121,내방동,내방동
29140125,12240125,서창동,서창동
29140126,12240126,세하동,세하동
29140127,12240127,용두동,용두동
29140128,12240128,풍암동,풍암동
29140129,12240129,벽진동,벽진동
29140130,12240130,금호동,금호동
29140131,12240131,마륵동,마륵동
29140132,12240132,매월동,매월동
29140133,12240133,동천동,동천동
29155101,12270101,사동,사동
29155102,12270102,구동,구동
29155103,12270103,서동,서동
29155104,12270104,월산동,월산동
29155105,12270105,백운동,백운동
29155106,12270106,주월동,주월동
29155107,12270107,노대동,노대동
29155108,12270108,진월동,진월동
29155109,12270109,덕남동,덕남동
29155110,12270110,행암동,행암동
29155111,12270111,임암동,임암동
29155112,12270112,송하동,송하동
29155113,12270113,양림동,양림동
29155114,12270114,방림동,방림동
29155115,12270115,봉선동,봉선동
29155116,12270116,구소동,구소동
29155117,12270117,양촌동,양촌동
29155118,12270118,도금동,도금동
29155119,12270119,승촌동,승촌동
29155120,12270120,지석동,지석동
29155121,12270121,압촌동,압촌동
29155122,12270122,화장동,화장동
29155123,12270123,칠석동,칠석동
29155124,12270124,석정동,석정동
29155125,12270125,신장동,신장동
29155126,12270126,양과동,양과동
29155127,12270127,이장동,이장동
29155128,12270128,대지동,대지동
29155129,12270129,원산동,원산동
29155130,12270130,월성동,월성동
29170101,12300101,중흥동,중흥동
29170102,12300102,유동,유동
29170103,12300103,누문동,누문동
29170104,12300104,북동,북동
29170105,12300105,임동,임동
29170106,12300106,신안동,신안동
29170107,12300107,용봉동,용봉동
29170108,12300108,동림동,동림동
29170109,12300109,운암동,운암동
29170110,12300110,우산동,우산동
29170111,12300111,풍향동,풍향동
29170112,12300112,문흥동,문흥동
29170113,12300113,각화동,각화동
29170114,12300114,두암동,두암동
29170115,12300115,오치동,오치동
29170116,12300116,삼각동,삼각동
29170117,12300117,매곡동,매곡동
29170118,12300118,충효동,충효동
29170119,12300119,덕의동,덕의동
29170120,12300120,금곡동,금곡동
29170121,12300121,망월동,망월동
29170122,12300122,청풍동,청풍동
29170123,12300123,화암동,화암동
29170124,12300124,장등동,장등동
29170125,12300125,운정동,운정동
29170126,12300126,본촌동,본촌동
29170127,12300127,일곡동,일곡동
29170128,12300128,양산동,양산동
29170129,12300129,연제동,연제동
29170130,12300130,신용동,신용동
29170131,12300131,용두동,용두동
29170132,12300132,지야동,지야동
29170133,12300133,태령동,태령동
29170134,12300134,수곡동,수곡동
29170135,12300135,효령동,효령동
29170136,12300136,용전동,용전동
29170137,12300137,용강동,용강동
29170138,12300138,생용동,생용동
29170139,12300139,월출동,월출동
29170140,12300140,대촌동,대촌동
29170141,12300141,오룡동,오룡동
29200101,12330101,송정동,송정동
29200102,12330102,도산동,도산동
29200103,12330103,도호동,도호동
29200104,12330104,신촌동,신촌동
29200105,12330105,서봉동,서봉동
29200106,12330106,운수동,운수동
29200107,12330107,선암동,선암동
29200108,12330108,소촌동,소촌동
29200109,12330109,우산동,우산동
29200110,12330110,황룡동,황룡동
29200111,12330111,박호동,박호동
29200112,12330112,비아동,비아동
29200113,12330113,도천동,도천동
29200114,12330114,수완동,수완동
29200115,12330115,월계동,월계동
29200116,12330116,쌍암동,쌍암동
29200117,12330117,산월동,산월동
29200118,12330118,신창동,신창동
29200119,12330119,신가동,신가동
29200120,12330120,운남동,운남동
29200121,12330121,안청동,안청동
29200122,12330122,진곡동,진곡동
29200123,12330123,장덕동,장덕동
29200124,12330124,흑석동,흑석동
29200125,12330125,하남동,하남동
29200126,12330126,장수동,장수동
29200127,12330127,산정동,산정동
29200128,12330128,월곡동,월곡동
29200129,12330129,등임동,등임동
29200130,12330130,산막동,산막동
29200131,12330131,고룡동,고룡동
29200132,12330132,신룡동,신룡동
29200133,12330133,두정동,두정동
29200134,12330134,임곡동,임곡동
29200135,12330135,광산동,광산동
29200136,12330136,오산동,오산동
29200137,12330137,사호동,사호동
29200138,12330138,하산동,하산동
29200139,12330139,유계동,유계동
29200140,12330140,본덕동,본덕동
29200141,12330141,용봉동,용봉동
29200142,12330142,요기동,요기동
29200143,12330143,복룡동,복룡동
29200144,12330144,송대동,송대동
29200145,12330145,옥동,옥동
29200146,12330146,월전동,월전동
29200147,12330147,장록동,장록동
29200148,12330148,송촌동,송촌동
29200149,12330149,지죽동,지죽동
29200150,12330150,용동,용동
29200151,12330151,용곡동,용곡동
29200152,12330152,지정동,지정동
29200153,12330153,명화동,명화동
29200154,12330154,동산동,동산동
29200155,12330155,연산동,연산동
29200156,12330156,도덕동,도덕동
29200157,12330157,송산동,송산동
29200158,12330158,지평동,지평동
29200159,12330159,오운동,오운동
29200160,12330160,삼거동,삼거동
29200161,12330161,양동,양동
29200162,12330162,내산동,내산동
29200163,12330163,대산동,대산동
29200164,12330164,송학동,송학동
29200165,12330165,신동,신동
29200166,12330166,삼도동,삼도동
29200167,12330167,남산동,남산동
29200168,12330168,송치동,송치동
29200169,12330169,산수동,산수동
29200170,12330170,선동,선동
29200171,12330171,지산동,지산동
29200172,12330172,왕동,왕동
29200173,12330173,북산동,북산동
29200174,12330174,명도동,명도동
29200175,12330175,동호동,동호동
29200176,12330176,덕림동,덕림동
29200177,12330177,양산동,양산동
29200178,12330178,동림동,동림동
29200202,12330202,오선동,오선동
41590116,41595101,진안동,진안동
41590117,41595102,병점동,병점동
41590118,41595103,능동,능동
41590119,41595104,기산동,기산동
41590120,41595105,반월동,반월동
41590121,41595106,반정동,반정동
41590122,41595107,황계동,황계동
41590123,41593101,배양동,배양동
41590124,41593102,기안동,기안동
41590125,41595108,송산동,송산동
41590126,41595109,안녕동,안녕동
41590127,41597102,반송동,반송동
41590128,41597103,석우동,석우동
41590129,41597115,오산동,여울동
41590130,41597105,청계동,청계동
41590131,41597106,영천동,영천동
41590132,41597107,중동,중동
41590133,41597108,신동,신동
41590134,41597109,목동,목동
41590135,41597110,산척동,산척동
41590136,41597111,장지동,장지동
41590137,41597112,송동,송동
41590138,41597113,방교동,방교동
41590139,41597114,금곡동,금곡동
41590140,41591101,새솔동,새솔동
41590253,41593250,봉담읍,봉담읍
41590256,41591250,우정읍,우정읍
41590259,41591253,향남읍,향남읍
41590262,41591256,남양읍,남양읍
41590310,41593310,매송면,매송면
41590320,41593320,비봉면,비봉면
41590330,41591310,마도면,마도면
41590340,41591320,송산면,송산면
41590350,41591330,서신면,서신면
41590360,41591340,팔탄면,팔탄면
41590370,41591350,장안면,장안면
41590400,41591360,양감면,양감면
41590410,41593330,정남면,정남면
46110101,12110101,용당동,용당동
46110102,12110102,산정동,산정동
46110103,12110103,연산동,연산동
46110104,12110104,대성동,대성동
46110105,12110105,양동,양동
46110106,12110106,북교동,북교동
46110107,12110107,남교동,남교동
46110108,12110108,호남동,호남동
46110109,12110109,대안동,대안동
46110110,12110110,창평동,창평동
46110111,12110111,명륜동,명륜동
46110112,12110112,죽동,죽동
46110113,12110113,무안동,무안동
46110114,12110114,측후동,측후동
46110115,12110115,상락동1가,상락동1가
46110116,12110116,상락동2가,상락동2가
46110117,12110117,복만동,복만동
46110118,12110118,동명동,동명동
46110119,12110119,광동1가,광동1가
46110120,12110120,광동2가,광동2가
46110121,12110121,광동3가,광동3가
46110122,12110122,영해동1가,영해동1가
46110123,12110123,영해동2가,영해동2가
46110124,12110124,행복동1가,행복동1가
46110125,12110125,행복동2가,행복동2가
46110126,12110126,축복동1가,축복동1가
46110127,12110127,축복동2가,축복동2가
46110128,12110128,축복동3가,축복동3가
46110129,12110129,보광동1가,보광동1가
46110130,12110130,보광동2가,보광동2가
46110131,12110131,보광동3가,보광동3가
46110132,12110132,유달동,유달동
46110133,12110133,대의동1가,대의동1가
46110134,12110134,대의동2가,대의동2가
46110135,12110135,대의동3가,대의동3가
46110136,12110136,중앙동1가,중앙동1가
46110137,12110137,중앙동2가,중앙동2가
46110138,12110138,중앙동3가,중앙동3가
46110139,12110139,만호동,만호동
46110140,12110140,수강동1가,수강동1가
46110141,12110141,수강동2가,수강동2가
46110142,12110142,해안동1가,해안동1가
46110143,12110143,해안동2가,해안동2가
46110144,12110144,해안동3가,해안동3가
46110145,12110145,해안동4가,해안동4가
46110146,12110146,항동,항동
46110147,12110147,중동1가,중동1가
46110148,12110148,중동2가,중동2가
46110149,12110149,유동,유동
46110150,12110150,금동1가,금동1가
46110151,12110151,금동2가,금동2가
46110152,12110152,경동1가,경동1가
46110153,12110153,경동2가,경동2가
46110154,12110154,서산동,서산동
46110155,12110155,금화동,금화동
46110156,12110156,온금동,온금동
46110157,12110157,죽교동,죽교동
46110158,12110158,상동,상동
46110159,12110159,용해동,용해동
46110160,12110160,석현동,석현동
46110161,12110161,달동,달동
46110162,12110162,율도동,율도동
46110163,12110163,대양동,대양동
46110164,12110164,옥암동,옥암동
46130101,12130101,종화동,종화동
46130102,12130102,수정동,수정동
46130103,12130103,공화동,공화동
46130104,12130104,관문동,관문동
46130105,12130105,고소동,고소동
46130106,12130106,동산동,동산동
46130107,12130107,중앙동,중앙동
46130108,12130108,교동,교동
46130109,12130109,군자동,군자동
46130110,12130110,충무동,충무동
46130111,12130111,연등동,연등동
46130112,12130112,광무동,광무동
46130113,12130113,서교동,서교동
46130114,12130114,봉강동,봉강동
46130115,12130115,봉산동,봉산동
46130116,12130116,남산동,남산동
46130117,12130117,국동,국동
46130118,12130118,신월동,신월동
46130119,12130119,여서동,여서동
46130120,12130120,문수동,문수동
46130121,12130121,오림동,오림동
46130122,12130122,미평동,미평동
46130123,12130123,둔덕동,둔덕동
46130124,12130124,오천동,오천동
46130125,12130125,만흥동,만흥동
46130126,12130126,덕충동,덕충동
46130127,12130127,경호동,경호동
46130128,12130128,학동,학동
46130129,12130129,학용동,학용동
46130130,12130130,안산동,안산동
46130131,12130131,소호동,소호동
46130132,12130132,시전동,시전동
46130133,12130133,신기동,신기동
46130134,12130134,웅천동,웅천동
46130135,12130135,선원동,선원동
46130136,12130136,여천동,여천동
46130137,12130137,화장동,화장동
46130138,12130138,주삼동,주삼동
46130139,12130139,봉계동,봉계동
46130140,12130140,해산동,해산동
46130141,12130141,화치동,화치동
46130142,12130142,월하동,월하동
46130143,12130143,평여동,평여동
46130144,12130144,중흥동,중흥동
46130145,12130145,적량동,적량동
46130146,12130146,월내동,월내동
46130147,12130147,묘도동,묘도동
46130148,12130148,낙포동,낙포동
46130149,12130149,신덕동,신덕동
46130150,12130150,상암동,상암동
46130151,12130151,호명동,호명동
46130250,12130250,돌산읍,돌산읍
46130310,12130310,소라면,소라면
46130320,12130320,율촌면,율촌면
46130330,12130330,화양면,화양면
46130340,12130340,남면,남면
46130350,12130350,화정면,화정면
46130360,12130360,삼산면,삼산면
46150101,12150101,삼거동,삼거동
46150102,12150102,와룡동,와룡동
46150103,12150103,영동,영동
46150104,12150104,옥천동,옥천동
46150105,12150105,행동,행동
46150106,12150106,금곡동,금곡동
46150107,12150107,매곡동,매곡동
46150108,12150108,석현동,석현동
46150109,12150109,가곡동,가곡동
46150110,12150110,용당동,용당동
46150111,12150111,조곡동,조곡동
46150112,12150112,생목동,생목동
46150113,12150113,덕암동,덕암동
46150114,12150114,연향동,연향동
46150115,12150115,풍덕동,풍덕동
46150116,12150116,남정동,남정동
46150117,12150117,인제동,인제동
46150118,12150118,저전동,저전동
46150119,12150119,장천동,장천동
46150120,12150120,남내동,남내동
46150121,12150121,중앙동,중앙동
46150122,12150122,동외동,동외동
46150123,12150123,교량동,교량동
46150124,12150124,대룡동,대룡동
46150125,12150125,홍내동,홍내동
46150126,12150126,오천동,오천동
46150127,12150127,덕월동,덕월동
46150128,12150128,야흥동,야흥동
46150129,12150129,인월동,인월동
46150130,12150130,안풍동,안풍동
46150131,12150131,대대동,대대동
46150132,12150132,왕지동,왕지동
46150133,12150133,조례동,조례동
46150250,12150250,승주읍,승주읍
46150310,12150310,해룡면,해룡면
46150320,12150320,서면,서면
46150330,12150330,황전면,황전면
46150340,12150340,월등면,월등면
46150350,12150350,주암면,주암면
46150360,12150360,송광면,송광면
46150370,12150370,외서면,외서면
46150380,12150380,낙안면,낙안면
46150390,12150390,별량면,별량면
46150400,12150400,상사면,상사면
46170101,12170101,토계동,토계동
46170102,12170102,송월동,송월동
46170103,12170103,안창동,안창동
46170104,12170104,삼영동,삼영동
46170105,12170105,교동,교동
46170106,12170106,서내동,서내동
46170107,12170107,산정동,산정동
46170108,12170108,경현동,경현동
46170109,12170109,보산동,보산동
46170110,12170110,금계동,금계동
46170111,12170111,금성동,금성동
46170112,12170112,남내동,남내동
46170113,12170113,과원동,과원동
46170114,12170114,성북동,성북동
46170115,12170115,중앙동,중앙동
46170116,12170116,대호동,대호동
46170117,12170117,송촌동,송촌동
46170118,12170118,석현동,석현동
46170119,12170119,청동,청동
46170120,12170120,남외동,남외동
46170121,12170121,죽림동,죽림동
46170122,12170122,삼도동,삼도동
46170123,12170123,영산동,영산동
46170124,12170124,용산동,용산동
46170125,12170125,관정동,관정동
46170126,12170126,평산동,평산동
46170127,12170127,부덕동,부덕동
46170128,12170128,이창동,이창동
46170129,12170129,대기동,대기동
46170130,12170130,운곡동,운곡동
46170131,12170131,동수동,동수동
46170132,12170132,오량동,오량동
46170133,12170133,진포동,진포동
46170134,12170134,빛가람동,빛가람동
46170250,12170250,남평읍,남평읍
46170310,12170310,세지면,세지면
46170320,12170320,왕곡면,왕곡면
46170330,12170330,반남면,반남면
46170340,12170340,공산면,공산면
46170350,12170350,동강면,동강면
46170360,12170360,다시면,다시면
46170370,12170370,문평면,문평면
46170380,12170380,노안면,노안면
46170390,12170390,금천면,금천면
46170400,12170400,산포면,산포면
46170420,12170420,다도면,다도면
46170430,12170430,봉황면,봉황면
46230101,12190101,황금동,황금동
46230102,12190102,황길동,황길동
46230103,12190103,도이동,도이동
46230104,12190104,성황동,성황동
46230105,12190105,중군동,중군동
46230106,12190106,중동,중동
46230107,12190107,마동,마동
46230108,12190108,광영동,광영동
46230109,12190109,태인동,태인동
46230110,12190110,금호동,금호동
46230250,12190250,광양읍,광양읍
46230310,12190310,봉강면,봉강면
46230320,12190320,옥룡면,옥룡면
46230330,12190330,옥곡면,옥곡면
46230340,12190340,진상면,진상면
46230350,12190350,진월면,진월면
46230360,12190360,다압면,다압면
46710250,12710250,담양읍,담양읍
46710310,12710310,봉산면,봉산면
46710320,12710320,고서면,고서면
46710335,12710335,가사문학면,가사문학면
46710340,12710340,창평면,창평면
46710350,12710350,대덕면,대덕면
46710360,12710360,무정면,무정면
46710370,12710370,금성면,금성면
46710380,12710380,용면,용면
46710390,12710390,월산면,월산면
46710400,12710400,수북면,수북면
46710410,12710410,대전면,대전면
46720250,12720250,곡성읍,곡성읍
46720310,12720310,오곡면,오곡면
46720320,12720320,삼기면,삼기면
46720330,12720330,석곡면,석곡면
46720340,12720340,목사동면,목사동면
46720350,12720350,죽곡면,죽곡면
46720360,12720360,고달면,고달면
46720370,12720370,옥과면,옥과면
46720380,12720380,입면,입면
46720390,12720390,겸면,겸면
46720400,12720400,오산면,오산면
46730250,12730250,구례읍,구례읍
46730310,12730310,문척면,문척면
46730320,12730320,간전면,간전면
46730330,12730330,토지면,토지면
46730340,12730340,마산면,마산면
46730350,12730350,광의면,광의면
46730360,12730360,용방면,용방면
46730370,12730370,산동면,산동면
46770250,12740250,고흥읍,고흥읍
46770253,12740253,도양읍,도양읍
46770310,12740310,풍양면,풍양면
46770320,12740320,도덕면,도덕면
46770330,12740330,금산면,금산면
46770340,12740340,도화면,도화면
46770350,12740350,포두면,포두면
46770360,12740360,봉래면,봉래면
46770370,12740370,점암면,점암면
46770380,12740380,과역면,과역면
46770390,12740390,남양면,남양면
46770400,12740400,동강면,동강면
46770410,12740410,대서면,대서면
46770420,12740420,두원면,두원면
46770440,12740440,영남면,영남면
46770450,12740450,동일면,동일면
46780250,12750250,보성읍,보성읍
46780253,12750253,벌교읍,벌교읍
46780310,12750310,노동면,노동면
46780320,12750320,미력면,미력면
46780330,12750330,겸백면,겸백면
46780340,12750340,율어면,율어면
46780350,12750350,복내면,복내면
46780360,12750360,문덕면,문덕면
46780370,12750370,조성면,조성면
46780380,12750380,득량면,득량면
46780390,12750390,회천면,회천면
46780400,12750400,웅치면,웅치면
46790250,12760250,화순읍,화순읍
46790310,12760310,한천면,한천면
46790320,12760320,춘양면,춘양면
46790330,12760330,청풍면,청풍면
46790340,12760340,이양면,이양면
46790350,12760350,능주면,능주면
46790360,12760360,도곡면,도곡면
46790370,12760370,도암면,도암면
46790380,12760380,이서면,이서면
46790395,12760395,백아면,백아면
46790400,12760400,동복면,동복면
46790415,12760415,사평면,사평면
46790420,12760420,동면,동면
46800250,12770250,장흥읍,장흥읍
46800253,12770253,관산읍,관산읍
46800256,12770256,대덕읍,대덕읍
46800310,12770310,용산면,용산면
46800320,12770320,안양면,안양면
46800330,12770330,장동면,장동면
46800340,12770340,장평면,장평면
46800350,12770350,유치면,유치면
46800360,12770360,부산면,부산면
46800370,12770370,회진면,회진면
46810250,12780250,강진읍,강진읍
46810310,12780310,군동면,군동면
46810320,12780320,칠량면,칠량면
46810330,12780330,대구면,대구면
46810340,12780340,도암면,도암면
46810350,12780350,신전면,신전면
46810360,12780360,성전면,성전면
46810370,12780370,작천면,작천면
46810380,12780380,병영면,병영면
46810390,12780390,옴천면,옴천면
46810400,12780400,마량면,마량면
46820250,12790250,해남읍,해남읍
46820310,12790310,삼산면,삼산면
46820320,12790320,화산면,화산면
46820330,12790330,현산면,현산면
46820340,12790340,송지면,송지면
46820350,12790350,북평면,북평면
46820360,12790360,북일면,북일면
46820370,12790370,옥천면,옥천면
46820380,12790380,계곡면,계곡면
46820390,12790390,마산면,마산면
46820400,12790400,황산면,황산면
46820410,12790410,산이면,산이면
46820420,12790420,문내면,문내면
46820430,12790430,화원면,화원면
46830250,12800250,영암읍,영암읍
46830253,12800253,삼호읍,삼호읍
46830310,12800310,덕진면,덕진면
46830320,12800320,금정면,금정면
46830330,12800330,신북면,신북면
46830340,12800340,시종면,시종면
46830350,12800350,도포면,도포면
46830360,12800360,군서면,군서면
46830370,12800370,서호면,서호면
46830380,12800380,학산면,학산면
46830390,12800390,미암면,미암면
46840250,12810250,무안읍,무안읍
46840253,12810253,일로읍,일로읍
46840256,12810256,삼향읍,삼향읍
46840320,12810320,몽탄면,몽탄면
46840330,12810330,청계면,청계면
46840340,12810340,현경면,현경면
46840350,12810350,망운면,망운면
46840360,12810360,해제면,해제면
46840370,12810370,운남면,운남면
46860250,12820250,함평읍,함평읍
46860310,12820310,손불면,손불면
46860320,12820320,신광면,신광면
46860330,12820330,학교면,학교면
46860340,12820340,엄다면,엄다면
46860350,12820350,대동면,대동면
46860360,12820360,나산면,나산면
46860370,12820370,해보면,해보면
46860380,12820380,월야면,월야면
46870250,12830250,영광읍,영광읍
46870253,12830253,백수읍,백수읍
46870256,12830256,홍농읍,홍농읍
46870310,12830310,대마면,대마면
46870320,12830320,묘량면,묘량면
46870330,12830330,불갑면,불갑면
46870340,12830340,군서면,군서면
46870350,12830350,군남면,군남면
46870360,12830360,염산면,염산면
46870370,12830370,법성면,법성면
46870380,12830380,낙월면,낙월면
46880250,12840250,장성읍,장성읍
46880310,12840310,진원면,진원면
46880320,12840320,남면,남면
46880330,12840330,동화면,동화면
46880340,12840340,삼서면,삼서면
46880350,12840350,삼계면,삼계면
46880360,12840360,황룡면,황룡면
46880370,12840370,서삼면,서삼면
46880380,12840380,북일면,북일면
46880390,12840390,북이면,북이면
46880400,12840400,북하면,북하면
46890250,12850250,완도읍,완도읍
46890253,12850253,금일읍,금일읍
46890256,12850256,노화읍,노화읍
46890310,12850310,군외면,군외면
46890320,12850320,신지면,신지면
46890330,12850330,고금면,고금면
46890340,12850340,약산면,약산면
46890350,12850350,청산면,청산면
46890360,12850360,소안면,소안면
46890370,12850370,금당면,금당면
46890380,12850380,보길면,보길면
46890390,12850390,생일면,생일면
46900250,12860250,진도읍,진도읍
46900310,12860310,군내면,군내면
46900320,12860320,고군면,고군면
46900330,12860330,의신면,의신면
46900340,12860340,임회면,임회면
46900350,12860350,지산면,지산면
46900360,12860360,조도면,조도면
46910250,12870250,지도읍,지도읍
46910253,12870253,압해읍,압해읍
46910310,12870310,증도면,증도면
46910320,12870320,임자면,임자면
46910330,12870330,자은면,자은면
46910340,12870340,비금면,비금면
46910350,12870350,도초면,도초면
46910360,12870360,흑산면,흑산면
46910370,12870370,하의면,하의면
46910380,12870380,신의면,신의면
46910390,12870390,장산면,장산면
46910400,12870400,안좌면,안좌면
46910410,12870410,팔금면,팔금면
46910420,12870420,암태면,암태면
